Username,Image,About,Likes,Followers,Following,Posts,Average engagement
shamima_afrinomi,https://p16-sign-va.tiktokcdn.com/tos-useast2a-avt-0068-giso/38f9ba457fb741978c3356859ee7a0ff~c5_100x100.jpeg?x-expires=1668445200&x-signature=Ahj%2Bv8n2S07G8wm0Wl30kx%2BrEQM%3D,Exclusively managed by glee Digital Do subscribe my YouTube,365.1M,10.6M,155,"['https://www.tiktok.com/@shamima_afrinomi/video/7165174995310611739', 'https://www.tiktok.com/@shamima_afrinomi/video/7165156125204122907', 'https://www.tiktok.com/@shamima_afrinomi/video/7165155435257924891', 'https://www.tiktok.com/@shamima_afrinomi/video/7165154647680781595', 'https://www.tiktok.com/@shamima_afrinomi/video/7165119736332684571', 'https://www.tiktok.com/@shamima_afrinomi/video/7165119299378482458', 'https://www.tiktok.com/@shamima_afrinomi/video/7165077312894012699', 'https://www.tiktok.com/@shamima_afrinomi/video/7165033435478723867', 'https://www.tiktok.com/@shamima_afrinomi/video/7165031025469377819', 'https://www.tiktok.com/@shamima_afrinomi/video/7165018954027617563', 'https://www.tiktok.com/@shamima_afrinomi/video/7165008851652136219', 'https://www.tiktok.com/@shamima_afrinomi/video/7164776804799057178', 'https://www.tiktok.com/@shamima_afrinomi/video/7164774557654535450', 'https://www.tiktok.com/@shamima_afrinomi/video/7164661494292942107', 'https://www.tiktok.com/@shamima_afrinomi/video/7164642208283430170', 'https://www.tiktok.com/@shamima_afrinomi/video/7164640970229714202']",1358.69K
noureenafrosepiya22,https://p16-sign-va.tiktokcdn.com/tos-useast2a-avt-0068-giso/7ebbea9837780dc41196b54d3642b351~c5_100x100.jpeg?x-expires=1668445200&x-signature=0aPjayc6QVgebeLLItnbHRnhZCk%3D,Exclusively managed by glee digital New YouTube video link,194.9M,6.3M,21,"['https://www.tiktok.com/@noureenafrosepiya22/video/7165158497804455194', 'https://www.tiktok.com/@noureenafrosepiya22/video/7165141755124272411', 'https://www.tiktok.com/@noureenafrosepiya22/video/7165129563528318234', 'https://www.tiktok.com/@noureenafrosepiya22/video/7165068132854402330', 'https://www.tiktok.com/@noureenafrosepiya22/video/7164826697307589914', 'https://www.tiktok.com/@noureenafrosepiya22/video/7164826312220118299', 'https://www.tiktok.com/@noureenafrosepiya22/video/7164824954960088347', 'https://www.tiktok.com/@noureenafrosepiya22/video/7164763234447265050', 'https://www.tiktok.com/@noureenafrosepiya22/video/7164751699964513562', 'https://www.tiktok.com/@noureenafrosepiya22/video/7164395781896572186', 'https://www.tiktok.com/@noureenafrosepiya22/video/7164014952129334554', 'https://www.tiktok.com/@noureenafrosepiya22/video/7163976076887182618', 'https://www.tiktok.com/@noureenafrosepiya22/video/7163946650904448282', 'https://www.tiktok.com/@noureenafrosepiya22/video/7163899004986690843', 'https://www.tiktok.com/@noureenafrosepiya22/video/7163637525746076955', 'https://www.tiktok.com/@noureenafrosepiya22/video/7163620070193761563']",2039.81K
amdadul_10,https://p16-sign-va.tiktokcdn.com/tos-useast2a-avt-0068-giso/b6ae6c4841ebec5e49a1fa7e711e9837~c5_100x100.jpeg?x-expires=1668445200&x-signature=YqrK%2F7DS1G43r3HSyf3s%2BECKFXg%3D,Exclusively managed by glee digital,223.2M,5.5M,73,"['https://www.tiktok.com/@amdadul_10/video/7165132697268981019', 'https://www.tiktok.com/@amdadul_10/video/7165121487396015387', 'https://www.tiktok.com/@amdadul_10/video/7164732720998780186', 'https://www.tiktok.com/@amdadul_10/video/7164664079649393946', 'https://www.tiktok.com/@amdadul_10/video/7164374706391502107', 'https://www.tiktok.com/@amdadul_10/video/7164322983979355418', 'https://www.tiktok.com/@amdadul_10/video/7164270374992006427', 'https://www.tiktok.com/@amdadul_10/video/7164003047180340506', 'https://www.tiktok.com/@amdadul_10/video/7163626165091994907', 'https://www.tiktok.com/@amdadul_10/video/7163583164005272858', 'https://www.tiktok.com/@amdadul_10/video/7163507628461526298', 'https://www.tiktok.com/@amdadul_10/video/7163293258104212763', 'https://www.tiktok.com/@amdadul_10/video/7163264616443677978', 'https://www.tiktok.com/@amdadul_10/video/7162817988087794970', 'https://www.tiktok.com/@amdadul_10/video/7162509667560639771', 'https://www.tiktok.com/@amdadul_10/video/7162391643776142619']",3879.38K
manikmia620,https://p16-sign-va.tiktokcdn.com/tos-useast2a-avt-0068-giso/e7fedc3c0bb151ecf60c68d2eccc88e0~c5_100x100.jpeg?x-expires=1668445200&x-signature=orim8xdpgzd7q7ojXxeBjhjlZxQ%3D,No bio yet,304.9M,8.8M,40,"['https://www.tiktok.com/@manikmia620/video/7165119251865537794', 'https://www.tiktok.com/@manikmia620/video/7165119099218005249', 'https://www.tiktok.com/@manikmia620/video/7165118941247900929', 'https://www.tiktok.com/@manikmia620/video/7165103288935828737', 'https://www.tiktok.com/@manikmia620/video/7165081133888163074', 'https://www.tiktok.com/@manikmia620/video/7165080779272228098', 'https://www.tiktok.com/@manikmia620/video/7165062438675565825', 'https://www.tiktok.com/@manikmia620/video/7165062086039555330', 'https://www.tiktok.com/@manikmia620/video/7165046219402775810', 'https://www.tiktok.com/@manikmia620/video/7165024237940378881', 'https://www.tiktok.com/@manikmia620/video/7164396002542095617', 'https://www.tiktok.com/@manikmia620/video/7164381505509231874', 'https://www.tiktok.com/@manikmia620/video/7164361026287258881', 'https://www.tiktok.com/@manikmia620/video/7164360929260391682', 'https://www.tiktok.com/@manikmia620/video/7164341949321809153', 'https://www.tiktok.com/@manikmia620/video/7164328252557823234', 'https://www.tiktok.com/@manikmia620/video/7164328038706973953', 'https://www.tiktok.com/@manikmia620/video/7164284517115612418', 'https://www.tiktok.com/@manikmia620/video/7164284350140321025', 'https://www.tiktok.com/@manikmia620/video/7164034981298326786', 'https://www.tiktok.com/@manikmia620/video/7164026756289072385', 'https://www.tiktok.com/@manikmia620/video/7164011359347199234', 'https://www.tiktok.com/@manikmia620/video/7163986792004226306', 'https://www.tiktok.com/@manikmia620/video/7163972112250637569', 'https://www.tiktok.com/@manikmia620/video/7163953948448083201', 'https://www.tiktok.com/@manikmia620/video/7163937424312143106', 'https://www.tiktok.com/@manikmia620/video/7163904898055130370', 'https://www.tiktok.com/@manikmia620/video/7163635220229393666', 'https://www.tiktok.com/@manikmia620/video/7163635135848467713', 'https://www.tiktok.com/@manikmia620/video/7163635052587371778']",2511.07K
samirakhanmahi,https://p16-sign-va.tiktokcdn.com/tos-useast2a-avt-0068-giso/5b6d4310cac49d2963f4a93f23c5d2a9~c5_100x100.jpeg?x-expires=1668445200&x-signature=QROTk%2FO%2Bl8GRN%2FGckhq7SKJzz8I%3D,Actress manage by Glee Digital Instagram Facebook,130.3M,4.4M,565,"['https://www.tiktok.com/@samirakhanmahi/video/7165076100777790747', 'https://www.tiktok.com/@samirakhanmahi/video/7165052255803264282', 'https://www.tiktok.com/@samirakhanmahi/video/7164814934470135066', 'https://www.tiktok.com/@samirakhanmahi/video/7164715804951416090', 'https://www.tiktok.com/@samirakhanmahi/video/7164706158891257115', 'https://www.tiktok.com/@samirakhanmahi/video/7164453456793718043', 'https://www.tiktok.com/@samirakhanmahi/video/7164434184671333658', 'https://www.tiktok.com/@samirakhanmahi/video/7164303532307270939', 'https://www.tiktok.com/@samirakhanmahi/video/7164299895661169947', 'https://www.tiktok.com/@samirakhanmahi/video/7164297248937987355', 'https://www.tiktok.com/@samirakhanmahi/video/7163576938102000923', 'https://www.tiktok.com/@samirakhanmahi/video/7163575643542949147', 'https://www.tiktok.com/@samirakhanmahi/video/7163285903559904538', 'https://www.tiktok.com/@samirakhanmahi/video/7162964856637754650', 'https://www.tiktok.com/@samirakhanmahi/video/7162964593466281242', 'https://www.tiktok.com/@samirakhanmahi/video/7162905162598599962']",1734.94K
opuvai.official,https://p16-sign-va.tiktokcdn.com/tos-useast2a-avt-0068-giso/e7fedc3c0bb151ecf60c68d2eccc88e0~c5_100x100.jpeg?x-expires=1668445200&x-signature=orim8xdpgzd7q7ojXxeBjhjlZxQ%3D,Subscriber To My YouTube Channel Follow My Instagram id,204.2M,6.5M,0,"['https://www.tiktok.com/@opuvai.official/video/7165159831270198554', 'https://www.tiktok.com/@opuvai.official/video/7164966482395417882', 'https://www.tiktok.com/@opuvai.official/video/7164963063479700762', 'https://www.tiktok.com/@opuvai.official/video/7164728644911336730', 'https://www.tiktok.com/@opuvai.official/video/7164658648613014810', 'https://www.tiktok.com/@opuvai.official/video/7164554733338758427', 'https://www.tiktok.com/@opuvai.official/video/7164553488821767450', 'https://www.tiktok.com/@opuvai.official/video/7164228243824971034', 'https://www.tiktok.com/@opuvai.official/video/7163516050733059355', 'https://www.tiktok.com/@opuvai.official/video/7163515998220438810', 'https://www.tiktok.com/@opuvai.official/video/7163515930922781979', 'https://www.tiktok.com/@opuvai.official/video/7163515671484042523', 'https://www.tiktok.com/@opuvai.official/video/7163515534435274011', 'https://www.tiktok.com/@opuvai.official/video/7163515496506133786', 'https://www.tiktok.com/@opuvai.official/video/7163515454487547162', 'https://www.tiktok.com/@opuvai.official/video/7163515420387937562']",1140.81K
dip__08official_,https://p16-sign-va.tiktokcdn.com/tos-useast2a-avt-0068-giso/88a0429d8ddbc5ede6ce4af3bab3f7e5~c5_100x100.jpeg?x-expires=1668445200&x-signature=byWtplD0y0CwesEgKi%2F2D9Iy1Qs%3D,Exclusively managed by glee Digital My Facebook I d link,213.8M,5.8M,79,"['https://www.tiktok.com/@dip__08official_/video/7165072012463885595', 'https://www.tiktok.com/@dip__08official_/video/7165053075705629979', 'https://www.tiktok.com/@dip__08official_/video/7165017161126137115', 'https://www.tiktok.com/@dip__08official_/video/7164752365432720666', 'https://www.tiktok.com/@dip__08official_/video/7164745190723423514', 'https://www.tiktok.com/@dip__08official_/video/7164725920467651867', 'https://www.tiktok.com/@dip__08official_/video/7164715119534968091', 'https://www.tiktok.com/@dip__08official_/video/7164670370086194459', 'https://www.tiktok.com/@dip__08official_/video/7164287106515307802', 'https://www.tiktok.com/@dip__08official_/video/7163981418253667611', 'https://www.tiktok.com/@dip__08official_/video/7163929854142844186', 'https://www.tiktok.com/@dip__08official_/video/7163895200597937434', 'https://www.tiktok.com/@dip__08official_/video/7163588666760105243', 'https://www.tiktok.com/@dip__08official_/video/7163535641467309338', 'https://www.tiktok.com/@dip__08official_/video/7163220495427669274', 'https://www.tiktok.com/@dip__08official_/video/7163178203748584730']",3497.12K
misschocolate67,https://p16-sign-va.tiktokcdn.com/tos-useast2a-avt-0068-giso/c0c9ac31c8a83c00243fe1f910ab21f7~c5_100x100.jpeg?x-expires=1668445200&x-signature=2wAAmw%2F2%2F%2FrS3FoShCmBbUh0AEE%3D,my real fb page,184.8M,5.9M,0,"['https://www.tiktok.com/@misschocolate67/video/7165162772144082203', 'https://www.tiktok.com/@misschocolate67/video/7165152975550205210', 'https://www.tiktok.com/@misschocolate67/video/7165147506576198938', 'https://www.tiktok.com/@misschocolate67/video/7165137286001069339', 'https://www.tiktok.com/@misschocolate67/video/7165130270998383898', 'https://www.tiktok.com/@misschocolate67/video/7165121679155268890', 'https://www.tiktok.com/@misschocolate67/video/7165099272558431514', 'https://www.tiktok.com/@misschocolate67/video/7165020284997651738', 'https://www.tiktok.com/@misschocolate67/video/7165000297796930842', 'https://www.tiktok.com/@misschocolate67/video/7164997672166788378', 'https://www.tiktok.com/@misschocolate67/video/7164997589828521243', 'https://www.tiktok.com/@misschocolate67/video/7164997404511472922', 'https://www.tiktok.com/@misschocolate67/video/7164781194264022299', 'https://www.tiktok.com/@misschocolate67/video/7164767665196748059', 'https://www.tiktok.com/@misschocolate67/video/7164766666608397595', 'https://www.tiktok.com/@misschocolate67/video/7164734912250006810']",2218.69K
jahan.ontora,https://p16-sign-va.tiktokcdn.com/tos-useast2a-avt-0068-giso/6d285b85356c00b9fcafb2b951bb727f~c5_100x100.jpeg?x-expires=1668445200&x-signature=h2eVwJHPjm4RwdiFJLEF0BRTaUk%3D,Actress WORK HARD DREAM BIG Do Subscribe My YouTube Channel,81.1M,5M,48,"['https://www.tiktok.com/@jahan.ontora/video/7165110873168629019', 'https://www.tiktok.com/@jahan.ontora/video/7165043862971632922', 'https://www.tiktok.com/@jahan.ontora/video/7164683662619954459', 'https://www.tiktok.com/@jahan.ontora/video/7164629534107651354', 'https://www.tiktok.com/@jahan.ontora/video/7164264518556683546', 'https://www.tiktok.com/@jahan.ontora/video/7163970979960573210', 'https://www.tiktok.com/@jahan.ontora/video/7163636420119219482', 'https://www.tiktok.com/@jahan.ontora/video/7163250183390645531', 'https://www.tiktok.com/@jahan.ontora/video/7163229788486880538', 'https://www.tiktok.com/@jahan.ontora/video/7163150843586366746', 'https://www.tiktok.com/@jahan.ontora/video/7162832071470140698', 'https://www.tiktok.com/@jahan.ontora/video/7162538059110698267', 'https://www.tiktok.com/@jahan.ontora/video/7162454396796767514', 'https://www.tiktok.com/@jahan.ontora/video/7162421775769406746', 'https://www.tiktok.com/@jahan.ontora/video/7162403215529594138', 'https://www.tiktok.com/@jahan.ontora/video/7162157904605318426']",3363.12K
anamikaoyshe0008,https://p16-sign-va.tiktokcdn.com/tos-useast2a-avt-0068-giso/e847ebb2216928b933a697005ac71880~c5_100x100.jpeg?x-expires=1668445200&x-signature=3ZNd8Ags7AS%2FkGc15TBzYwG3%2BkI%3D,Actress A queen is not born She is made Instagram link,236.4M,7.1M,70,"['https://www.tiktok.com/@anamikaoyshe0008/video/7164823913652899098', 'https://www.tiktok.com/@anamikaoyshe0008/video/7164767701552991514', 'https://www.tiktok.com/@anamikaoyshe0008/video/7164426777585011994', 'https://www.tiktok.com/@anamikaoyshe0008/video/7164425553498377498', 'https://www.tiktok.com/@anamikaoyshe0008/video/7162944276442238235', 'https://www.tiktok.com/@anamikaoyshe0008/video/7162553648642379034', 'https://www.tiktok.com/@anamikaoyshe0008/video/7162553314742111515', 'https://www.tiktok.com/@anamikaoyshe0008/video/7162110139716078874', 'https://www.tiktok.com/@anamikaoyshe0008/video/7161700289559530778', 'https://www.tiktok.com/@anamikaoyshe0008/video/7161689263078149403', 'https://www.tiktok.com/@anamikaoyshe0008/video/7161688142301465882', 'https://www.tiktok.com/@anamikaoyshe0008/video/7161466860976852250', 'https://www.tiktok.com/@anamikaoyshe0008/video/7161353089109462298', 'https://www.tiktok.com/@anamikaoyshe0008/video/7161069830316100891', 'https://www.tiktok.com/@anamikaoyshe0008/video/7161029777619569946', 'https://www.tiktok.com/@anamikaoyshe0008/video/7161029155079998747']",2246.12K
atifahmedniloy.1,https://p16-sign-va.tiktokcdn.com/tos-useast2a-avt-0068-giso/95dae42fcd4a4fff1ad08f5e1d70343d~c5_100x100.jpeg?x-expires=1668445200&x-signature=u6aznatZdZAKG8injXCTUebAX8w%3D,Hey guys I am Atif Ahmed Niloy this is my new Real Tik Tok account Follow me,27.2M,1.9M,4,"['https://www.tiktok.com/@atifahmedniloy.1/video/7103237966838959386', 'https://www.tiktok.com/@atifahmedniloy.1/video/7103235799415541018', 'https://www.tiktok.com/@atifahmedniloy.1/video/7100716086663843098', 'https://www.tiktok.com/@atifahmedniloy.1/video/7100453025617169691', 'https://www.tiktok.com/@atifahmedniloy.1/video/7100400374246296858', 'https://www.tiktok.com/@atifahmedniloy.1/video/7099960559067581723', 'https://www.tiktok.com/@atifahmedniloy.1/video/7099895345299148058', 'https://www.tiktok.com/@atifahmedniloy.1/video/7099880108818844954', 'https://www.tiktok.com/@atifahmedniloy.1/video/7099859855032290586', 'https://www.tiktok.com/@atifahmedniloy.1/video/7099767526367694107', 'https://www.tiktok.com/@atifahmedniloy.1/video/7099512864406375706', 'https://www.tiktok.com/@atifahmedniloy.1/video/7099500929954712859', 'https://www.tiktok.com/@atifahmedniloy.1/video/7099479683250556187', 'https://www.tiktok.com/@atifahmedniloy.1/video/7099367872362777882', 'https://www.tiktok.com/@atifahmedniloy.1/video/7099263669917256986', 'https://www.tiktok.com/@atifahmedniloy.1/video/7099232130680540443']",3597.44K
shakilaparvin,https://p16-sign-va.tiktokcdn.com/tos-useast2a-avt-0068-giso/41459eef55bb68f05ac3d3d55a39604c~c5_100x100.jpeg?x-expires=1668445200&x-signature=7oC580VDRzTSSw7dyHw2Yf1HUq4%3D,Full video,88.5M,4.7M,24,"['https://www.tiktok.com/@shakilaparvin/video/7165061761337494810', 'https://www.tiktok.com/@shakilaparvin/video/7165009732372122907', 'https://www.tiktok.com/@shakilaparvin/video/7164775644126039322', 'https://www.tiktok.com/@shakilaparvin/video/7164736961670843675', 'https://www.tiktok.com/@shakilaparvin/video/7164716113631169818', 'https://www.tiktok.com/@shakilaparvin/video/7164642225379396890', 'https://www.tiktok.com/@shakilaparvin/video/7164427734138080538', 'https://www.tiktok.com/@shakilaparvin/video/7164398612443860251', 'https://www.tiktok.com/@shakilaparvin/video/7164380889500175642', 'https://www.tiktok.com/@shakilaparvin/video/7164355982640844058', 'https://www.tiktok.com/@shakilaparvin/video/7164318088446414107', 'https://www.tiktok.com/@shakilaparvin/video/7164277523436571930', 'https://www.tiktok.com/@shakilaparvin/video/7164271176305446170', 'https://www.tiktok.com/@shakilaparvin/video/7164243606113471771', 'https://www.tiktok.com/@shakilaparvin/video/7164044442670845211', 'https://www.tiktok.com/@shakilaparvin/video/7164029955054062875']",968.5K
tosaimran,https://p16-sign-sg.tiktokcdn.com/aweme/100x100/tos-alisg-avt-0068/1185d1bc951ab4aeb678fd2a85ca8fee.jpeg?x-expires=1668445200&x-signature=taf23RS0v93Bg07GUl2nMEWCSAo%3D,,95.5M,2.3M,0,"['https://www.tiktok.com/@tosaimran/video/7165055798601731329', 'https://www.tiktok.com/@tosaimran/video/7165053811730451713', 'https://www.tiktok.com/@tosaimran/video/7165052963277245697', 'https://www.tiktok.com/@tosaimran/video/7165051875379744001', 'https://www.tiktok.com/@tosaimran/video/7164721085890514178', 'https://www.tiktok.com/@tosaimran/video/7164720568158194946', 'https://www.tiktok.com/@tosaimran/video/7164717041247685889', 'https://www.tiktok.com/@tosaimran/video/7164380119069510913', 'https://www.tiktok.com/@tosaimran/video/7164379477911342338', 'https://www.tiktok.com/@tosaimran/video/7164317920967904513', 'https://www.tiktok.com/@tosaimran/video/7164308260734979329', 'https://www.tiktok.com/@tosaimran/video/7164252241828826370', 'https://www.tiktok.com/@tosaimran/video/7163997159522569474', 'https://www.tiktok.com/@tosaimran/video/7163994271333305602', 'https://www.tiktok.com/@tosaimran/video/7163867709099265281', 'https://www.tiktok.com/@tosaimran/video/7163866928572861698']",1581.88K
sadiaakter462,https://p16-sign-va.tiktokcdn.com/tos-useast2a-avt-0068-giso/6d285b85356c00b9fcafb2b951bb727f~c5_100x100.jpeg?x-expires=1668445200&x-signature=h2eVwJHPjm4RwdiFJLEF0BRTaUk%3D,Muslim Bangladeshi Birthday 7 November www tiktok com sadiaakter,66M,3.3M,2,"['https://www.tiktok.com/@sadiaakter462/video/7165153073155820826', 'https://www.tiktok.com/@sadiaakter462/video/7165151429303438619', 'https://www.tiktok.com/@sadiaakter462/video/7164802172335426842', 'https://www.tiktok.com/@sadiaakter462/video/7164698143349624090', 'https://www.tiktok.com/@sadiaakter462/video/7164696509630516506', 'https://www.tiktok.com/@sadiaakter462/video/7164373724039335195', 'https://www.tiktok.com/@sadiaakter462/video/7164335869879536922', 'https://www.tiktok.com/@sadiaakter462/video/7164291626519547163', 'https://www.tiktok.com/@sadiaakter462/video/7164079827346001179', 'https://www.tiktok.com/@sadiaakter462/video/7164066437718428954', 'https://www.tiktok.com/@sadiaakter462/video/7164014289588669722', 'https://www.tiktok.com/@sadiaakter462/video/7163983163935427866', 'https://www.tiktok.com/@sadiaakter462/video/7162945674164686106', 'https://www.tiktok.com/@sadiaakter462/video/7162584361475394842', 'https://www.tiktok.com/@sadiaakter462/video/7162184950421163291', 'https://www.tiktok.com/@sadiaakter462/video/7162174049588727066']",2517.62K
minicat82,https://p16-sign-sg.tiktokcdn.com/aweme/100x100/tos-alisg-avt-0068/2c49613ccad744e8e231b38d6280c271.jpeg?x-expires=1668445200&x-signature=s6FlsDHi3GUih7Oj0XWiuOQk8CY%3D,Exclusively managed by glee digital FB,90.6M,4.8M,45,"['https://www.tiktok.com/@minicat82/video/7163617988187376922', 'https://www.tiktok.com/@minicat82/video/7162506827182132507', 'https://www.tiktok.com/@minicat82/video/7157689593327029531', 'https://www.tiktok.com/@minicat82/video/7157315571736988955', 'https://www.tiktok.com/@minicat82/video/7156933975636806938', 'https://www.tiktok.com/@minicat82/video/7156607035121978650', 'https://www.tiktok.com/@minicat82/video/7156448497342975259', 'https://www.tiktok.com/@minicat82/video/7156235493544316187', 'https://www.tiktok.com/@minicat82/video/7156194347761945882', 'https://www.tiktok.com/@minicat82/video/7155865669144284443', 'https://www.tiktok.com/@minicat82/video/7155739683954183450', 'https://www.tiktok.com/@minicat82/video/7155702839489137947', 'https://www.tiktok.com/@minicat82/video/7155488320859016474', 'https://www.tiktok.com/@minicat82/video/7155349830364040475', 'https://www.tiktok.com/@minicat82/video/7155116297162870042', 'https://www.tiktok.com/@minicat82/video/7155028721609592090']",374.0K
omoronfire,https://p16-sign-va.tiktokcdn.com/tos-useast2a-avt-0068-giso/3f6292086bd84e0633f116e8b31f963c~c5_100x100.jpeg?x-expires=1668445200&x-signature=l651uSgN96PK%2FhrT8jlrMjv8UZk%3D,Instragram its omor Gmail omoronfire biz gmail com,125.2M,4.1M,0,"['https://www.tiktok.com/@omoronfire/video/7165123248567455003', 'https://www.tiktok.com/@omoronfire/video/7165087426036174106', 'https://www.tiktok.com/@omoronfire/video/7165078982482775322', 'https://www.tiktok.com/@omoronfire/video/7164764100629679387', 'https://www.tiktok.com/@omoronfire/video/7164760494195084570', 'https://www.tiktok.com/@omoronfire/video/7164394995246533915', 'https://www.tiktok.com/@omoronfire/video/7164366634046770459', 'https://www.tiktok.com/@omoronfire/video/7163632292131294491', 'https://www.tiktok.com/@omoronfire/video/7163628535687548187', 'https://www.tiktok.com/@omoronfire/video/7163276147403312411', 'https://www.tiktok.com/@omoronfire/video/7163265244448509211', 'https://www.tiktok.com/@omoronfire/video/7162908316350418202', 'https://www.tiktok.com/@omoronfire/video/7162906799622999323', 'https://www.tiktok.com/@omoronfire/video/7162528705938558234', 'https://www.tiktok.com/@omoronfire/video/7162523823865089306', 'https://www.tiktok.com/@omoronfire/video/7162145868013997339']",2120.31K
raisajahan.official,https://p16-sign-va.tiktokcdn.com/tos-useast2a-avt-0068-giso/326d2a429f657f06585ec3d9655bdfdd~c5_100x100.jpeg?x-expires=1668445200&x-signature=aHCOQ5LKJpqa710CTu9SKpABO7E%3D,Birthday May 27,127.2M,3.4M,0,"['https://www.tiktok.com/@raisajahan.official/video/7165174860887493915', 'https://www.tiktok.com/@raisajahan.official/video/7165153657250532635', 'https://www.tiktok.com/@raisajahan.official/video/7165074030423215387', 'https://www.tiktok.com/@raisajahan.official/video/7165020179318050075', 'https://www.tiktok.com/@raisajahan.official/video/7165005006481984794', 'https://www.tiktok.com/@raisajahan.official/video/7164817565351546139', 'https://www.tiktok.com/@raisajahan.official/video/7164748670557080858', 'https://www.tiktok.com/@raisajahan.official/video/7164725527016688922', 'https://www.tiktok.com/@raisajahan.official/video/7164702519707421978', 'https://www.tiktok.com/@raisajahan.official/video/7164653221460430107', 'https://www.tiktok.com/@raisajahan.official/video/7164437146479185179', 'https://www.tiktok.com/@raisajahan.official/video/7164414955159227674', 'https://www.tiktok.com/@raisajahan.official/video/7164352565633699098', 'https://www.tiktok.com/@raisajahan.official/video/7164247600772697371', 'https://www.tiktok.com/@raisajahan.official/video/7164099178174450970', 'https://www.tiktok.com/@raisajahan.official/video/7164045727084154138']",674.19K
thanziljony,https://p16-sign-va.tiktokcdn.com/tos-useast2a-avt-0068-giso/e9593e3921079e24ed2635be8c82c4ed~c5_100x100.jpeg?x-expires=1668445200&x-signature=k1bCf54RJSoJvGtU3fDklgZpuvU%3D,Choreographer 01324600229,63.1M,2.9M,94,"['https://www.tiktok.com/@thanziljony/video/7165075800235019546', 'https://www.tiktok.com/@thanziljony/video/7165043205946232090', 'https://www.tiktok.com/@thanziljony/video/7165031868885142810', 'https://www.tiktok.com/@thanziljony/video/7164811412982861083', 'https://www.tiktok.com/@thanziljony/video/7164648794116656411', 'https://www.tiktok.com/@thanziljony/video/7164645617598205210', 'https://www.tiktok.com/@thanziljony/video/7164631523432369435', 'https://www.tiktok.com/@thanziljony/video/7164628492720688410', 'https://www.tiktok.com/@thanziljony/video/7164375739746225435', 'https://www.tiktok.com/@thanziljony/video/7164353676029512986', 'https://www.tiktok.com/@thanziljony/video/7164286267352534298', 'https://www.tiktok.com/@thanziljony/video/7164242560444075291', 'https://www.tiktok.com/@thanziljony/video/7164223002236751131', 'https://www.tiktok.com/@thanziljony/video/7164046513214213402', 'https://www.tiktok.com/@thanziljony/video/7163877458427596059', 'https://www.tiktok.com/@thanziljony/video/7163823525113974043']",713.25K
prince_mehedi007,https://p16-sign-va.tiktokcdn.com/tos-useast2a-avt-0068-giso/10cf7416d916e30242f51b31bbd80e53~c5_100x100.jpeg?x-expires=1668445200&x-signature=srBnYR%2FpTiUaBlCLi1S0T%2F2UZ0w%3D,My youtube link Real Sylhety Live in Dubai My WhatsAppe link,67.9M,1.8M,375,"['https://www.tiktok.com/@prince_mehedi007/video/7165165774678592769', 'https://www.tiktok.com/@prince_mehedi007/video/7165135360123571457', 'https://www.tiktok.com/@prince_mehedi007/video/7165095088253570305', 'https://www.tiktok.com/@prince_mehedi007/video/7164932778419703042', 'https://www.tiktok.com/@prince_mehedi007/video/7164817412380953858', 'https://www.tiktok.com/@prince_mehedi007/video/7164773744622177537', 'https://www.tiktok.com/@prince_mehedi007/video/7164580639214144770', 'https://www.tiktok.com/@prince_mehedi007/video/7164437400133831938', 'https://www.tiktok.com/@prince_mehedi007/video/7164389043571117314', 'https://www.tiktok.com/@prince_mehedi007/video/7164382441870757121', 'https://www.tiktok.com/@prince_mehedi007/video/7164353393140567298', 'https://www.tiktok.com/@prince_mehedi007/video/7164232651149298946', 'https://www.tiktok.com/@prince_mehedi007/video/7164199461130882306', 'https://www.tiktok.com/@prince_mehedi007/video/7164193719204269313', 'https://www.tiktok.com/@prince_mehedi007/video/7164015068164705537', 'https://www.tiktok.com/@prince_mehedi007/video/7163648280679681281']",311.19K
tahsintabassumema95,https://p16-sign-va.tiktokcdn.com/tos-useast2a-avt-0068-giso/88a0429d8ddbc5ede6ce4af3bab3f7e5~c5_100x100.jpeg?x-expires=1668445200&x-signature=byWtplD0y0CwesEgKi%2F2D9Iy1Qs%3D,Salam Flw me on fbinsta Exclusively Manage By Glee Digital YouTube,85.7M,2.7M,68,"['https://www.tiktok.com/@tahsintabassumema95/video/7165168224827346203', 'https://www.tiktok.com/@tahsintabassumema95/video/7165147204208921882', 'https://www.tiktok.com/@tahsintabassumema95/video/7165138884337093915', 'https://www.tiktok.com/@tahsintabassumema95/video/7165124876951424283', 'https://www.tiktok.com/@tahsintabassumema95/video/7165114781190360347', 'https://www.tiktok.com/@tahsintabassumema95/video/7165107453078588699', 'https://www.tiktok.com/@tahsintabassumema95/video/7165075511922691354', 'https://www.tiktok.com/@tahsintabassumema95/video/7164753978591431962', 'https://www.tiktok.com/@tahsintabassumema95/video/7164724784843066651', 'https://www.tiktok.com/@tahsintabassumema95/video/7164721514258943259', 'https://www.tiktok.com/@tahsintabassumema95/video/7164416974347390235', 'https://www.tiktok.com/@tahsintabassumema95/video/7164400189506194715', 'https://www.tiktok.com/@tahsintabassumema95/video/7164395621816995098', 'https://www.tiktok.com/@tahsintabassumema95/video/7164360550879612186', 'https://www.tiktok.com/@tahsintabassumema95/video/7164342560385748250', 'https://www.tiktok.com/@tahsintabassumema95/video/7164338701470993690']",1764.0K
noyon_mony_898,https://p16-sign-va.tiktokcdn.com/tos-useast2a-avt-0068-giso/751ff4a7cb568caaed171604bafc519d~c5_100x100.jpeg?x-expires=1668445200&x-signature=Ru7S8wyvVfJHlTbhtb4Bwwiqmco%3D,Fb Shamrat sha Instagram noyonmony Youtube noyonmony official,113.5M,3M,50,"['https://www.tiktok.com/@noyon_mony_898/video/7165066026894413083', 'https://www.tiktok.com/@noyon_mony_898/video/7164776464963931418', 'https://www.tiktok.com/@noyon_mony_898/video/7164764857802231066', 'https://www.tiktok.com/@noyon_mony_898/video/7164692877400919322', 'https://www.tiktok.com/@noyon_mony_898/video/7164676245077363994', 'https://www.tiktok.com/@noyon_mony_898/video/7164649799877266714', 'https://www.tiktok.com/@noyon_mony_898/video/7164309921029262619', 'https://www.tiktok.com/@noyon_mony_898/video/7164276742889295131', 'https://www.tiktok.com/@noyon_mony_898/video/7164217931600121115', 'https://www.tiktok.com/@noyon_mony_898/video/7164011671609036059', 'https://www.tiktok.com/@noyon_mony_898/video/7163991174573722906', 'https://www.tiktok.com/@noyon_mony_898/video/7163971101775645978', 'https://www.tiktok.com/@noyon_mony_898/video/7163965333584252186', 'https://www.tiktok.com/@noyon_mony_898/video/7163960176951774491', 'https://www.tiktok.com/@noyon_mony_898/video/7163948351237491995', 'https://www.tiktok.com/@noyon_mony_898/video/7162184833635044635']",916.94K
khokon_27,https://p16-sign-va.tiktokcdn.com/musically-maliva-obj/1649003935689734~c5_100x100.jpeg?x-expires=1668445200&x-signature=ALS3PvVSKmQlc%2F2DuQxe11FlV0A%3D,Exclusively managed by Glee Digital,62.9M,3.1M,6,"['https://www.tiktok.com/@khokon_27/video/7165165578947251458', 'https://www.tiktok.com/@khokon_27/video/7165097117562768641', 'https://www.tiktok.com/@khokon_27/video/7165095217677241601', 'https://www.tiktok.com/@khokon_27/video/7165089083310492930', 'https://www.tiktok.com/@khokon_27/video/7165066577640049921', 'https://www.tiktok.com/@khokon_27/video/7165050777856232706', 'https://www.tiktok.com/@khokon_27/video/7165032193863978242', 'https://www.tiktok.com/@khokon_27/video/7164962726471601410', 'https://www.tiktok.com/@khokon_27/video/7164961021717728513', 'https://www.tiktok.com/@khokon_27/video/7164811678993943810', 'https://www.tiktok.com/@khokon_27/video/7164798948048112898', 'https://www.tiktok.com/@khokon_27/video/7164669864320257281', 'https://www.tiktok.com/@khokon_27/video/7164662543342996737', 'https://www.tiktok.com/@khokon_27/video/7164435843745156353', 'https://www.tiktok.com/@khokon_27/video/7164387197007695105', 'https://www.tiktok.com/@khokon_27/video/7164337089046269185']",835.0K
halimaakterpori1,https://p16-sign-va.tiktokcdn.com/tos-useast2a-avt-0068-giso/eda75b8254d5bbf07abb65372a624620~c5_100x100.jpeg?x-expires=1668445200&x-signature=3ZTAN9QHK%2FQes%2Br7OmzMIUbkdt8%3D,Actress Single Birthday 4 October birthday,70.4M,3.1M,10,"['https://www.tiktok.com/@halimaakterpori1/video/7165119105035472154', 'https://www.tiktok.com/@halimaakterpori1/video/7165115890885725467', 'https://www.tiktok.com/@halimaakterpori1/video/7165023848239254810', 'https://www.tiktok.com/@halimaakterpori1/video/7164995217693642011', 'https://www.tiktok.com/@halimaakterpori1/video/7164463195837500698', 'https://www.tiktok.com/@halimaakterpori1/video/7164390385282747674', 'https://www.tiktok.com/@halimaakterpori1/video/7164353501080964379', 'https://www.tiktok.com/@halimaakterpori1/video/7164296275280612634', 'https://www.tiktok.com/@halimaakterpori1/video/7164264577096486170', 'https://www.tiktok.com/@halimaakterpori1/video/7164253204685802779', 'https://www.tiktok.com/@halimaakterpori1/video/7164241245219409178', 'https://www.tiktok.com/@halimaakterpori1/video/7164090072025910554', 'https://www.tiktok.com/@halimaakterpori1/video/7164058367802035483', 'https://www.tiktok.com/@halimaakterpori1/video/7164036161302695194', 'https://www.tiktok.com/@halimaakterpori1/video/7164034195277253914', 'https://www.tiktok.com/@halimaakterpori1/video/7163932088725458203']",1669.81K
meahjabeenasha,https://p16-sign-va.tiktokcdn.com/tos-useast2a-avt-0068-giso/c2b50379a63137f444402a0faf9cb13f~c5_100x100.jpeg?x-expires=1668445200&x-signature=RiSM0w2eUi51ISsTgB15lBKC%2BwQ%3D,Welcome to my profile Ig meahjabeen,18.8M,543.1K,132,"['https://www.tiktok.com/@meahjabeenasha/video/7165175931898809626', 'https://www.tiktok.com/@meahjabeenasha/video/7165130356281085210', 'https://www.tiktok.com/@meahjabeenasha/video/7165130257194896667', 'https://www.tiktok.com/@meahjabeenasha/video/7165067633392373018', 'https://www.tiktok.com/@meahjabeenasha/video/7165067408183414042', 'https://www.tiktok.com/@meahjabeenasha/video/7164758769342205210', 'https://www.tiktok.com/@meahjabeenasha/video/7164758312565706010', 'https://www.tiktok.com/@meahjabeenasha/video/7164698022218091802', 'https://www.tiktok.com/@meahjabeenasha/video/7164434802702241051', 'https://www.tiktok.com/@meahjabeenasha/video/7163648363643047195', 'https://www.tiktok.com/@meahjabeenasha/video/7163583317164543259', 'https://www.tiktok.com/@meahjabeenasha/video/7163583245852871962', 'https://www.tiktok.com/@meahjabeenasha/video/7163322812319403291', 'https://www.tiktok.com/@meahjabeenasha/video/7162949259568991515', 'https://www.tiktok.com/@meahjabeenasha/video/7162948840381893915', 'https://www.tiktok.com/@meahjabeenasha/video/7162907327564205339']",646.94K
lovebirds616616,https://p16-sign-va.tiktokcdn.com/tos-useast2a-avt-0068-giso/88a0429d8ddbc5ede6ce4af3bab3f7e5~c5_100x100.jpeg?x-expires=1668445200&x-signature=byWtplD0y0CwesEgKi%2F2D9Iy1Qs%3D,Assalamualaikum Our Verified YouTube channel Link,164.6M,5.2M,2,"['https://www.tiktok.com/@lovebirds616616/video/7165060471354117403', 'https://www.tiktok.com/@lovebirds616616/video/7165059531326688539', 'https://www.tiktok.com/@lovebirds616616/video/7165059018346581274', 'https://www.tiktok.com/@lovebirds616616/video/7165057596083162394', 'https://www.tiktok.com/@lovebirds616616/video/7165054703775026459', 'https://www.tiktok.com/@lovebirds616616/video/7164675657639808283', 'https://www.tiktok.com/@lovebirds616616/video/7164673546151529755', 'https://www.tiktok.com/@lovebirds616616/video/7164671721998486811', 'https://www.tiktok.com/@lovebirds616616/video/7164669071697448218', 'https://www.tiktok.com/@lovebirds616616/video/7164666478547963162', 'https://www.tiktok.com/@lovebirds616616/video/7164654361182883098', 'https://www.tiktok.com/@lovebirds616616/video/7164650736842804507', 'https://www.tiktok.com/@lovebirds616616/video/7164647331646754074', 'https://www.tiktok.com/@lovebirds616616/video/7163496339546885403', 'https://www.tiktok.com/@lovebirds616616/video/7163492634600819995', 'https://www.tiktok.com/@lovebirds616616/video/7163491427882650907']",1257.25K
dishamon_iofficial,https://p16-sign-va.tiktokcdn.com/tos-useast2a-avt-0068-giso/0b5f117c1c13e7cb8ec1c78b0cda11c6~c5_100x100.jpeg?x-expires=1668445200&x-signature=7nCeEUbf2e%2Fy2V%2FtT0nrtSU45%2FA%3D,Exclusively Managed By Glee Digital,114M,3.1M,41,"['https://www.tiktok.com/@dishamon_iofficial/video/7165173998911900954', 'https://www.tiktok.com/@dishamon_iofficial/video/7165167130403409178', 'https://www.tiktok.com/@dishamon_iofficial/video/7165137427806440731', 'https://www.tiktok.com/@dishamon_iofficial/video/7165131217845652762', 'https://www.tiktok.com/@dishamon_iofficial/video/7165051757259803930', 'https://www.tiktok.com/@dishamon_iofficial/video/7165035655444188442', 'https://www.tiktok.com/@dishamon_iofficial/video/7165035493220961562', 'https://www.tiktok.com/@dishamon_iofficial/video/7164751926054358298', 'https://www.tiktok.com/@dishamon_iofficial/video/7164731319992306970', 'https://www.tiktok.com/@dishamon_iofficial/video/7164721110666333467', 'https://www.tiktok.com/@dishamon_iofficial/video/7164713178373393691', 'https://www.tiktok.com/@dishamon_iofficial/video/7164712144682994970', 'https://www.tiktok.com/@dishamon_iofficial/video/7164709049638866202', 'https://www.tiktok.com/@dishamon_iofficial/video/7164707793826516251', 'https://www.tiktok.com/@dishamon_iofficial/video/7164666863283211546', 'https://www.tiktok.com/@dishamon_iofficial/video/7164628560735522075']",1638.19K
imonvictor,https://p16-sign-va.tiktokcdn.com/tos-useast2a-avt-0068-giso/c0c9ac31c8a83c00243fe1f910ab21f7~c5_100x100.jpeg?x-expires=1668445200&x-signature=2wAAmw%2F2%2F%2FrS3FoShCmBbUh0AEE%3D,We Mamu vagni did a little fun to u,34.4M,2.4M,1,"['https://www.tiktok.com/@imonvictor/video/7165122230010137882', 'https://www.tiktok.com/@imonvictor/video/7165009294142770459', 'https://www.tiktok.com/@imonvictor/video/7164945194935242010', 'https://www.tiktok.com/@imonvictor/video/7164720924015529243', 'https://www.tiktok.com/@imonvictor/video/7163557920863571226', 'https://www.tiktok.com/@imonvictor/video/7162916988153580827', 'https://www.tiktok.com/@imonvictor/video/7162550682434817306', 'https://www.tiktok.com/@imonvictor/video/7162142876653079835', 'https://www.tiktok.com/@imonvictor/video/7161436970059582747', 'https://www.tiktok.com/@imonvictor/video/7161062597675060506', 'https://www.tiktok.com/@imonvictor/video/7160719197092203802', 'https://www.tiktok.com/@imonvictor/video/7160339634810064154', 'https://www.tiktok.com/@imonvictor/video/7159974689689849114', 'https://www.tiktok.com/@imonvictor/video/7159914764565531930', 'https://www.tiktok.com/@imonvictor/video/7159623329148652827', 'https://www.tiktok.com/@imonvictor/video/7159588222840917275']",811.31K
pronome.nafi,https://p16-sign-va.tiktokcdn.com/tos-useast2a-avt-0068-giso/f4feffa95f57c928785409f40028fbd1~c5_100x100.jpeg?x-expires=1668445200&x-signature=tcSXUMYu6djbaJNhGGqiKOTvcz8%3D,My official Fb page Pronome Link,70.4M,2.6M,102,"['https://www.tiktok.com/@pronome.nafi/video/7165040811606871323', 'https://www.tiktok.com/@pronome.nafi/video/7164669053804629274', 'https://www.tiktok.com/@pronome.nafi/video/7164621678251756827', 'https://www.tiktok.com/@pronome.nafi/video/7164433807679048986', 'https://www.tiktok.com/@pronome.nafi/video/7163737167942978843', 'https://www.tiktok.com/@pronome.nafi/video/7163670052452027675', 'https://www.tiktok.com/@pronome.nafi/video/7163652737652067610', 'https://www.tiktok.com/@pronome.nafi/video/7163612767491050778', 'https://www.tiktok.com/@pronome.nafi/video/7163582005542685978', 'https://www.tiktok.com/@pronome.nafi/video/7163386810444336411', 'https://www.tiktok.com/@pronome.nafi/video/7163316128649858330', 'https://www.tiktok.com/@pronome.nafi/video/7163312034392657179', 'https://www.tiktok.com/@pronome.nafi/video/7163293718676573466', 'https://www.tiktok.com/@pronome.nafi/video/7162933065730313499', 'https://www.tiktok.com/@pronome.nafi/video/7162910847520623899', 'https://www.tiktok.com/@pronome.nafi/video/7162908142496402714']",829.88K
riyanahmed301,https://p16-sign-va.tiktokcdn.com/tos-useast2a-avt-0068-giso/e7fedc3c0bb151ecf60c68d2eccc88e0~c5_100x100.jpeg?x-expires=1668445200&x-signature=orim8xdpgzd7q7ojXxeBjhjlZxQ%3D,Proud 2 be a Sylheti fua I love my Mum Dad Email for Tiktok promo,111M,2.4M,112,"['https://www.tiktok.com/@riyanahmed301/video/7164717494224162074', 'https://www.tiktok.com/@riyanahmed301/video/7164709487754923290', 'https://www.tiktok.com/@riyanahmed301/video/7163970488132291866', 'https://www.tiktok.com/@riyanahmed301/video/7160580877402066203', 'https://www.tiktok.com/@riyanahmed301/video/7159855781741939994', 'https://www.tiktok.com/@riyanahmed301/video/7159565689970265370', 'https://www.tiktok.com/@riyanahmed301/video/7159255987000479002', 'https://www.tiktok.com/@riyanahmed301/video/7159204388144254234', 'https://www.tiktok.com/@riyanahmed301/video/7158790548386581786', 'https://www.tiktok.com/@riyanahmed301/video/7158563158309866779', 'https://www.tiktok.com/@riyanahmed301/video/7158371199137893659', 'https://www.tiktok.com/@riyanahmed301/video/7158359746112802075', 'https://www.tiktok.com/@riyanahmed301/video/7158344712339098907', 'https://www.tiktok.com/@riyanahmed301/video/7158177379846819099', 'https://www.tiktok.com/@riyanahmed301/video/7157981373544910107', 'https://www.tiktok.com/@riyanahmed301/video/7157973504506252571']",3039.44K
